detector,policy,wrong_rate,wrong_lo,wrong_hi,scored,emissions_kg,mean_latency_h
D0,naive,0.69875,0.66625,0.73125,4,22.9636,0.0
D0,gated,0.0,0.0,0.0,4,31.631066999999998,2.1536520296110084
D0,human,0.0,0.0,0.0,4,21.98282466666667,4.266029894219413
D2,naive,0.0,0.0,0.0,2,41.751999999999995,0.0
D2,gated,0.0,0.0,0.0,2,41.751999999999995,0.0
D2,human,0.0,0.0,0.0,2,21.345415333333335,4.372243330326572
